{"cameraMode":{"drawMode":0,"name":"Shaded","section":"Shading Mode"},"sceneLighting":false,"audioPlay":false,"sceneViewState":{"showFog":false,"showMaterialUpdate":false,"showSkybox":true,"showFlares":false,"showImageEffects":false,"showParticleSystems":false},"in2DMode":false,"pivot":{"x":29.591064453125,"y":23.080078125,"z":2.25634765625},"rotation":{"x":0.09140288084745407,"y":-0.9083628058433533,"z":0.2774098813533783,"w":0.2993064522743225},"size":5.6466193199157719,"orthographic":true}