{"cameraMode":{"drawMode":0,"name":"Shaded","section":"Shading Mode"},"sceneLighting":true,"audioPlay":false,"sceneViewState":{"showFog":false,"showMaterialUpdate":false,"showSkybox":false,"showFlares":false,"showImageEffects":false,"showParticleSystems":false},"in2DMode":false,"pivot":{"x":-21.948116302490236,"y":13.330078125,"z":-16.023193359375},"rotation":{"x":-0.07586327940225601,"y":-0.7225213646888733,"z":0.6824689507484436,"w":-0.08031376451253891},"size":8.669048309326172,"orthographic":true}