{"cameraMode":{"drawMode":0,"name":"Shaded","section":"Shading Mode"},"sceneLighting":false,"audioPlay":false,"sceneViewState":{"showFog":false,"showMaterialUpdate":false,"showSkybox":false,"showFlares":false,"showImageEffects":false,"showParticleSystems":false},"in2DMode":false,"pivot":{"x":-9.3521728515625,"y":9.226318359375,"z":6.273193359375},"rotation":{"x":-0.07734345644712448,"y":0.22677503526210786,"z":-0.01803375408053398,"w":-0.9707300662994385},"size":2.1429660320281984,"orthographic":true}