{"cameraMode":{"drawMode":0,"name":"Shaded","section":"Shading Mode"},"sceneLighting":false,"audioPlay":false,"sceneViewState":{"showFog":false,"showMaterialUpdate":false,"showSkybox":true,"showFlares":false,"showImageEffects":false,"showParticleSystems":false},"in2DMode":false,"pivot":{"x":40.502281188964847,"y":11.511983871459961,"z":22.11626625061035},"rotation":{"x":0.2472301721572876,"y":-0.5604411363601685,"z":0.18003056943416596,"w":0.7696728706359863},"size":20.49197769165039,"orthographic":false}