{"cameraMode":{"drawMode":0,"name":"Shaded","section":"Shading Mode"},"sceneLighting":true,"audioPlay":false,"sceneViewState":{"showFog":false,"showMaterialUpdate":false,"showSkybox":false,"showFlares":false,"showImageEffects":false,"showParticleSystems":false},"in2DMode":false,"pivot":{"x":47.73681640625,"y":0.3027191162109375,"z":7.4228515625},"rotation":{"x":0.28088507056236269,"y":-0.1290764957666397,"z":0.03814990818500519,"w":0.9502794146537781},"size":6.671705722808838,"orthographic":true}