{"cameraMode":{"drawMode":0,"name":"Shaded","section":"Shading Mode"},"sceneLighting":true,"audioPlay":false,"sceneViewState":{"showFog":false,"showMaterialUpdate":false,"showSkybox":false,"showFlares":false,"showImageEffects":false,"showParticleSystems":false},"in2DMode":false,"pivot":{"x":-24.8302001953125,"y":14.658203125,"z":17.6572265625},"rotation":{"x":-0.05566663295030594,"y":0.9063834547996521,"z":-0.3992539644241333,"w":-0.12677328288555146},"size":6.93357515335083,"orthographic":true}