{"cameraMode":{"drawMode":0,"name":"Shaded","section":"Shading Mode"},"sceneLighting":true,"audioPlay":false,"sceneViewState":{"showFog":false,"showMaterialUpdate":false,"showSkybox":false,"showFlares":false,"showImageEffects":false,"showParticleSystems":false},"in2DMode":false,"pivot":{"x":-9.76416015625,"y":19.402069091796876,"z":6.2477874755859379},"rotation":{"x":-0.07341465353965759,"y":0.5746208429336548,"z":-0.05185159668326378,"w":-0.8134772181510925},"size":3.102275848388672,"orthographic":true}