{"cameraMode":{"drawMode":0,"name":"Shaded","section":"Shading Mode"},"sceneLighting":true,"audioPlay":false,"sceneViewState":{"showFog":false,"showMaterialUpdate":false,"showSkybox":false,"showFlares":false,"showImageEffects":false,"showParticleSystems":false},"in2DMode":false,"pivot":{"x":16.600000381469728,"y":12.449999809265137,"z":6.0},"rotation":{"x":-0.018065646290779115,"y":-0.9758586883544922,"z":0.1988314539194107,"w":-0.08865780383348465},"size":48.892757415771487,"orthographic":true}