{"cameraMode":{"drawMode":0,"name":"Shaded","section":"Shading Mode"},"sceneLighting":false,"audioPlay":false,"sceneViewState":{"showFog":false,"showMaterialUpdate":false,"showSkybox":true,"showFlares":false,"showImageEffects":false,"showParticleSystems":false},"in2DMode":false,"pivot":{"x":57.24386215209961,"y":13.355710983276368,"z":15.618925094604493},"rotation":{"x":0.5529145002365112,"y":0.010002666153013707,"z":-0.006628170609474182,"w":0.8331658840179443},"size":2.991959571838379,"orthographic":true}