{"cameraMode":{"drawMode":0,"name":"Shaded","section":"Shading Mode"},"sceneLighting":true,"audioPlay":false,"sceneViewState":{"showFog":false,"showMaterialUpdate":false,"showSkybox":false,"showFlares":false,"showImageEffects":false,"showParticleSystems":false},"in2DMode":false,"pivot":{"x":-13.1201171875,"y":11.2978515625,"z":-7.156890869140625},"rotation":{"x":0.09325510263442993,"y":-0.6831268072128296,"z":0.0886145532131195,"w":0.7188856601715088},"size":2.712171792984009,"orthographic":true}