{"cameraMode":{"drawMode":0,"name":"Shaded","section":"Shading Mode"},"sceneLighting":false,"audioPlay":false,"sceneViewState":{"showFog":false,"showMaterialUpdate":false,"showSkybox":true,"showFlares":false,"showImageEffects":false,"showParticleSystems":false},"in2DMode":false,"pivot":{"x":-26.60738754272461,"y":-35.32096481323242,"z":0.6920299530029297},"rotation":{"x":0.12629753351211549,"y":-0.7207497954368591,"z":0.6678378582000732,"w":0.13632428646087647},"size":45.46700668334961,"orthographic":false}