{"cameraMode":{"drawMode":0,"name":"Shaded","section":"Shading Mode"},"sceneLighting":true,"audioPlay":false,"sceneViewState":{"showFog":false,"showMaterialUpdate":false,"showSkybox":false,"showFlares":false,"showImageEffects":false,"showParticleSystems":false},"in2DMode":false,"pivot":{"x":-30.96484375,"y":7.35549259185791,"z":-12.544346809387207},"rotation":{"x":0.46312636137008669,"y":0.3487749397754669,"z":-0.20482148230075837,"w":0.7886203527450562},"size":6.047544002532959,"orthographic":true}