{"cameraMode":{"drawMode":0,"name":"Shaded","section":"Shading Mode"},"sceneLighting":true,"audioPlay":false,"sceneViewState":{"showFog":false,"showMaterialUpdate":false,"showSkybox":false,"showFlares":false,"showImageEffects":false,"showParticleSystems":false},"in2DMode":false,"pivot":{"x":13.7261962890625,"y":16.1005859375,"z":18.810546875},"rotation":{"x":-0.29405513405799868,"y":0.020864680409431459,"z":-0.0066816839389503,"w":-0.9557076096534729},"size":7.451440811157227,"orthographic":true}