{"cameraMode":{"drawMode":0,"name":"Shaded","section":"Shading Mode"},"sceneLighting":false,"audioPlay":false,"sceneViewState":{"showFog":false,"showMaterialUpdate":false,"showSkybox":true,"showFlares":false,"showImageEffects":false,"showParticleSystems":false},"in2DMode":false,"pivot":{"x":-7.321044921875,"y":16.72491455078125,"z":7.555400848388672},"rotation":{"x":-0.2102014124393463,"y":-0.6640025973320007,"z":0.20279580354690553,"w":-0.6883416771888733},"size":1.8564742803573609,"orthographic":true}