{"cameraMode":{"drawMode":0,"name":"Shaded","section":"Shading Mode"},"sceneLighting":false,"audioPlay":false,"sceneViewState":{"showFog":false,"showMaterialUpdate":false,"showSkybox":false,"showFlares":false,"showImageEffects":false,"showParticleSystems":false},"in2DMode":false,"pivot":{"x":20.3037109375,"y":9.86865234375,"z":-21.90576171875},"rotation":{"x":0.15498797595500947,"y":-0.6108952760696411,"z":0.12350992858409882,"w":0.7665221691131592},"size":18.985240936279298,"orthographic":true}